Country/Region,City,State/Province,Postal Code,Latitude,Longitude
United States,Houston,Texas,77095,29.7589382,-95.3676974
United States,Naperville,Illinois,60540,41.7728699,-88.1479278
United States,Philadelphia,Pennsylvania,19143,39.9527237,-75.1635262
United States,Henderson,Kentucky,42420,37.76721,-87.5573742
United States,Athens,Georgia,30605,33.9597677,-83.376398
United States,Los Angeles,California,90049,34.0536909,-118.242766
United States,Huntsville,Texas,77340,30.7235263,-95.5507771
United States,Laredo,Texas,78041,27.5079211,-99.5069834
United States,Springfield,Virginia,22153,38.7749935,-77.1803819
United States,Dover,Delaware,19901,39.158168,-75.5243682
United States,San Francisco,California,94109,37.7879363,-122.4075201
United States,Mount Pleasant,South Carolina,29464,32.7927956,-79.8678322
United States,Newark,Ohio,43055,40.0581205,-82.4012643
United States,Bossier City,Louisiana,71111,32.515887,-93.7336536
United States,Philadelphia,Pennsylvania,19140,39.9527237,-75.1635262
United States,Roswell,Georgia,30076,34.02332,-84.360022
United States,Philadelphia,Pennsylvania,19134,39.9527237,-75.1635262
United States,Springfield,Oregon,97477,44.0462362,-123.0220289
United States,Scottsdale,Arizona,85254,33.4942189,-111.926018
United States,Jonesboro,Arkansas,72401,35.8348088,-90.7045297
United States,Westland,Michigan,48185,42.3238056,-83.4005321
United States,Smyrna,Tennessee,37167,35.9824598,-86.5199492
United States,Miami,Florida,33180,25.7741566,-80.1935973
Canada,Toronto,Ontario,M7A,43.6534817,-79.3839347
United States,Lafayette,Indiana,47905,40.4191229,-86.8919011
United States,Las Vegas,Nevada,89115,36.1674263,-115.1484131
United States,Rapid City,South Dakota,57701,44.0806041,-103.228023
United States,Alexandria,Virginia,22304,38.8051095,-77.0470229
United States,San Diego,California,92037,32.7157062,-117.1638284
United States,New York City,New York,10024,40.7127281,-74.0060152
United States,Detroit,Michigan,48234,42.3315509,-83.0466403
United States,Mission Viejo,California,92691,33.5965685,-117.659405
United States,Green Bay,Wisconsin,54302,44.5126379,-88.0125794
United States,Saint Petersburg,Florida,33710,27.7712264,-82.6340259
United States,Seattle,Washington,98105,47.6038321,-122.330062
United States,Escondido,California,92025,33.1216751,-117.0814849
United States,San Diego,California,92024,32.7157062,-117.1638284
United States,Romeoville,Illinois,60441,41.6475306,-88.0895061
United States,Chesapeake,Virginia,23320,36.7168315,-76.2494453
United States,Linden,New Jersey,7036,40.6220478,-74.2445902
United States,North Las Vegas,Nevada,89031,36.2005191,-115.1214745
United States,Columbia,Missouri,65203,38.951883,-92.3337366
United States,Concord,California,94521,37.9768525,-122.0335624
United States,Seattle,Washington,98103,47.6038321,-122.330062
United States,Dallas,Texas,75220,32.7762719,-96.7968559
United States,Chicago,Illinois,60653,41.8755616,-87.6244212
United States,Lubbock,Texas,79424,33.5855677,-101.8470215
United States,Arlington,Texas,76017,32.7355816,-97.1071186
United States,Richmond,Indiana,47374,39.8286897,-84.8898521
United States,Woodstock,Illinois,60098,42.3147529,-88.4474302
United States,Moreno Valley,California,92553,33.9375177,-117.2305791
United States,El Paso,Texas,79907,31.7601001,-106.4870476
United States,Medford,Oregon,97504,42.3264181,-122.8718605
United States,Columbus,Ohio,43229,39.9622601,-83.0007065
United States,Elmhurst,Illinois,60126,41.8994745,-87.9403418
United States,Seattle,Washington,98115,47.6038321,-122.330062
United States,Houston,Texas,77036,29.7589382,-95.3676974
United States,New York City,New York,10035,40.7127281,-74.0060152
United States,New York City,New York,10009,40.7127281,-74.0060152
United States,Philadelphia,Pennsylvania,19120,39.9527237,-75.1635262
United States,Wilmington,North Carolina,28403,34.2352853,-77.9487284
United States,Margate,Florida,33063,26.2445263,-80.206436
United States,Columbia,South Carolina,29203,34.000754,-81.0352313
United States,Yonkers,New York,10701,40.9312099,-73.8987469
United States,Des Moines,Washington,98198,47.398829,-122.3099093
United States,Denver,Colorado,80219,39.7392364,-104.984862
United States,Royal Oak,Michigan,48073,42.4894801,-83.1446485
United States,Richmond,Kentucky,40475,37.7478572,-84.2946539
United States,Roseville,California,95661,38.7521235,-121.2880059
Canada,Calgary,Alberta,T2C,51.0456064,-114.057541
United States,Huntington Beach,California,92646,33.6783336,-118.000016
United States,Logan,Utah,84321,41.7313063,-111.834914
United States,Jacksonville,Florida,32216,30.3262247,-81.6579179
United States,Tampa,Florida,33614,27.9449854,-82.4583107
United States,Raleigh,North Carolina,27604,35.7803977,-78.6390989
United States,Lakeville,Minnesota,55044,44.650051,-93.2432791
United States,Jackson,Mississippi,39212,32.2998686,-90.1830408
United States,Dallas,Texas,75217,32.7762719,-96.7968559
United States,San Francisco,California,94110,37.7879363,-122.4075201
United States,Burbank,California,91505,34.1812089,-118.307201
United States,Lakeland,Florida,33801,28.0394654,-81.9498042
United States,Knoxville,Tennessee,37918,35.9603948,-83.9210261
United States,Hamilton,Ohio,45011,39.2085354,-84.5501874
United States,Asheville,North Carolina,28806,35.595363,-82.5508407
United States,Tucson,Arizona,85705,32.2228765,-110.974847
United States,Portage,Indiana,46368,41.5758708,-87.1761455
United States,Greensboro,North Carolina,27405,36.0726355,-79.7919754
United States,Delray Beach,Florida,33445,26.4614625,-80.0728201
United States,Los Angeles,California,90036,34.0536909,-118.242766
United States,Fresno,California,93727,36.7394421,-119.78483
United States,San Francisco,California,94122,37.7879363,-122.4075201
United States,Pomona,California,91767,34.0553813,-117.7517496
United States,Springfield,Ohio,45503,39.9234046,-83.810138
United States,Des Moines,Iowa,50315,41.5868654,-93.6249494
United States,Albuquerque,New Mexico,87105,35.0841034,-106.650985
United States,Plano,Texas,75023,33.0136764,-96.6925096
United States,Brownsville,Texas,78521,25.9024289,-97.4981698
United States,Long Beach,New York,11561,40.5885508,-73.6582631
United States,Apple Valley,Minnesota,55124,44.7319094,-93.21772
United States,Chicago,Illinois,60610,41.8755616,-87.6244212
United States,Vallejo,California,94591,38.1040864,-122.2566367
United States,Revere,Massachusetts,2151,42.4084302,-71.0119948
United States,Virginia Beach,Virginia,23464,36.8496579,-75.9760751
United States,Los Angeles,California,90008,34.0536909,-118.242766
United States,Detroit,Michigan,48205,42.3315509,-83.0466403
United States,Lafayette,Louisiana,70506,30.2262187,-92.0178202
United States,Dearborn Heights,Michigan,48127,42.3369816,-83.2732627
United States,Decatur,Illinois,62521,39.8454163,-88.9524151
United States,Los Angeles,California,90004,34.0536909,-118.242766
United States,Lancaster,Pennsylvania,17602,40.0379958,-76.3056707
United States,Mobile,Alabama,36608,30.6913462,-88.0437509
United States,Marietta,Georgia,30062,33.952845,-84.5496054
United States,Decatur,Alabama,35601,34.6060203,-86.9838165
United States,Toledo,Ohio,43615,41.6529143,-83.5378173
United States,Glendale,Arizona,85301,33.5386858,-112.185994
United States,Chandler,Arizona,85224,33.3062031,-111.841185
United States,Lewiston,Idaho,83501,46.4195913,-117.0216144
United States,Great Falls,Montana,59405,47.5048851,-111.29189
United States,Austin,Texas,78745,30.2711286,-97.7436995
United States,Redondo Beach,California,90278,33.8398289,-118.3845942
United States,Lodi,California,95240,38.1342805,-121.2736022
United States,Bloomington,Indiana,47401,39.1670396,-86.5342881
United States,Baltimore,Maryland,21215,39.2908816,-76.610759
United States,San Jose,California,95123,37.3361663,-121.890591
United States,Arlington,Virginia,22204,38.8769326,-77.0893094
United States,Los Angeles,California,90045,34.0536909,-118.242766
United States,Houston,Texas,77070,29.7589382,-95.3676974
United States,Troy,New York,12180,42.7284117,-73.6917878
United States,San Gabriel,California,91776,34.0990995,-118.1085554
United States,Jamestown,New York,14701,42.0965167,-79.2380322
United States,Memphis,Tennessee,38109,35.146026,-90.0517786
United States,Lake Charles,Louisiana,70601,30.2305095,-93.2169807
United States,Rochester,New York,14609,43.157285,-77.615214
United States,Louisville,Kentucky,40214,38.2542376,-85.759407
United States,Appleton,Wisconsin,54915,44.2613967,-88.4069744
United States,Middletown,Connecticut,6457,41.5623178,-72.6509061
United States,Jackson,Michigan,49201,42.2416466,-84.425589
United States,San Antonio,Texas,78207,29.4246002,-98.4951405
United States,Freeport,Illinois,61032,42.2966861,-89.6212271
United States,Lawrence,Massachusetts,1841,42.7070354,-71.1631137
Canada,Toronto,Ontario,M3C,43.6534817,-79.3839347
United States,Kent,Washington,98031,47.3826903,-122.2270272
United States,Fort Worth,Texas,76106,32.753177,-97.3327459
United States,Watertown,New York,13601,43.9747838,-75.9107565
United States,Milwaukee,Wisconsin,53209,43.0386475,-87.9090751
United States,Franklin,Massachusetts,2038,42.5896205,-72.6110645
United States,Hialeah,Florida,33012,25.8267775,-80.2814009
United States,West Jordan,Utah,84084,40.6061337,-111.9395211
United States,Oakland,California,94601,37.8044557,-122.271356
United States,Eau Claire,Wisconsin,54703,44.811349,-91.4984941
United States,Akron,Ohio,44312,41.083064,-81.518485
United States,Cleveland,Ohio,44105,41.4996574,-81.6936772
United States,Midland,Michigan,48640,43.6155825,-84.2472117
United States,Dover,New Hampshire,3820,43.1981117,-70.8739761
United States,San Marcos,Texas,78666,29.8826436,-97.9405828
Canada,Vancouver,British Columbia,V6Z,49.2608724,-123.113952
Canada,Montreal,Quebec,H1A,45.5031824,-73.5698065
United States,Bellevue,Washington,98006,47.6144219,-122.192337
United States,Chicago,Illinois,60623,41.8755616,-87.6244212
United States,Murray,Utah,84107,40.6667841,-111.888417
United States,San Diego,California,92105,32.7157062,-117.1638284
United States,Buffalo Grove,Illinois,60089,42.1544205,-87.9589621
United States,Richmond,Virginia,23223,37.5385087,-77.43428
United States,Little Rock,Arkansas,72209,34.7465071,-92.2896267
United States,Lakewood,New Jersey,8701,40.0940995,-74.2149889
United States,Orem,Utah,84057,40.2981599,-111.6944313
United States,Aurora,Illinois,60505,41.7571701,-88.3147539
United States,Peoria,Illinois,61604,40.6938609,-89.5891008
United States,Bristol,Tennessee,37620,36.5945034,-82.1885212
United States,Los Angeles,California,90032,34.0536909,-118.242766
United States,Harrisonburg,Virginia,22801,38.4493315,-78.8688833
United States,Mishawaka,Indiana,46544,41.6611642,-86.1807031
United States,Hempstead,New York,11550,40.6736812,-73.6190736
United States,Newark,Delaware,19711,39.6828358,-75.7515682
Canada,Halifax,Nova Scotia,B3H,44.648618,-63.5859487
United States,Lawton,Oklahoma,73505,34.6051975,-98.3952279
United States,Waynesboro,Virginia,22980,38.0686668,-78.8893999
United States,Meriden,Connecticut,6450,41.5381882,-72.8026128
United States,Pueblo,Colorado,81001,38.263995,-104.6141867
United States,Chester,Pennsylvania,19013,39.9829308,-75.7652424
United States,Phoenix,Arizona,85023,33.4484367,-112.074141
United States,Minneapolis,Minnesota,55407,44.9772995,-93.2654692
United States,Louisville,Colorado,80027,39.977763,-105.1319296
United States,Concord,North Carolina,28027,35.4094178,-80.5800049
United States,Salem,Oregon,97301,44.9391565,-123.033121
United States,Southaven,Mississippi,38671,34.9873822,-90.0034862
United States,Cincinnati,Ohio,45231,39.1012809,-84.5127405
United States,New York City,New York,10011,40.7127281,-74.0060152
United States,Deltona,Florida,32725,28.904843,-81.2273119
United States,Plainfield,New Jersey,7060,40.6201412,-74.4222416
United States,Aurora,Colorado,80013,39.7401441,-104.8733376
United States,Palm Coast,Florida,32137,29.5541432,-81.2207673
United States,El Cajon,California,92020,32.7947731,-116.962526
United States,Buffalo,New York,14215,42.8864163,-78.8781493
United States,Hackensack,New Jersey,7601,40.8870781,-74.0410667
United States,Niagara Falls,New York,14304,43.084841,-79.0701786
United States,League City,Texas,77573,29.5074538,-95.0949303
United States,Sioux Falls,South Dakota,57103,43.5476008,-96.7293629
United States,New Rochelle,New York,10801,40.9115386,-73.7826363
United States,Bristol,Connecticut,6010,41.6711752,-72.9430128
United States,Riverside,California,92503,33.9824949,-117.374238
United States,Omaha,Nebraska,68104,41.2587459,-95.9383758
United States,Atlanta,Georgia,30318,33.7544657,-84.3898151
United States,Draper,Utah,84020,40.5247777,-111.8627989
United States,Apopka,Florida,32712,28.6732806,-81.5116471
United States,Charlotte,North Carolina,28205,35.2272086,-80.8430827
United States,Springfield,Missouri,65807,37.2081729,-93.2922715
United States,Bangor,Maine,4401,44.8016255,-68.7713289
United States,Pleasant Grove,Utah,84062,40.3640349,-111.7386884
United States,Texas City,Texas,77590,29.396013,-94.9175485
United States,Trenton,Michigan,48183,42.1406552,-83.1800544
United States,Vacaville,California,95687,38.3565773,-121.9877444
Canada,Toronto,Ontario,M5H,43.6534817,-79.3839347
United States,Woodstock,Georgia,30188,34.1014112,-84.5192192
United States,Hollywood,Florida,33021,26.0112014,-80.1494901
United States,Fairfield,Connecticut,6824,41.1412078,-73.2637258
United States,Dallas,Texas,75081,32.7762719,-96.7968559
United States,Columbus,Georgia,31907,32.4610708,-84.9880449
Canada,Montreal,Quebec,H1B,45.5031824,-73.5698065
United States,Hampton,Virginia,23666,37.0264414,-76.3442846
United States,Lakewood,Ohio,44107,41.4819932,-81.7981908
United States,Saint Charles,Missouri,63301,38.783855,-90.481677
United States,North Miami,Florida,33161,25.8900949,-80.1867138
United States,Grand Rapids,Michigan,49505,42.9632425,-85.6678639
United States,Oceanside,New York,11572,40.6335905,-73.6376527
United States,Billings,Montana,59102,45.7874957,-108.49607
United States,Owensboro,Kentucky,42301,37.7742152,-87.1133304
United States,Miami,Florida,33178,25.7741566,-80.1935973
United States,Santa Fe,New Mexico,87505,35.6876096,-105.938456
United States,Fayetteville,Arkansas,72701,36.0625843,-94.1574328
United States,Bowling Green,Ohio,43402,41.3747744,-83.6513229
United States,Tulsa,Oklahoma,74133,36.1563122,-95.9927516
United States,Oswego,Illinois,60543,41.6834778,-88.3525714
United States,Santa Clara,California,95051,37.2333253,-121.6846349
United States,Pasco,Washington,99301,46.2306739,-119.0921
United States,Tyler,Texas,75701,32.3512601,-95.3010624
United States,Macon,Georgia,31204,32.8406946,-83.6324022
United States,Lowell,Massachusetts,1852,42.6414437,-71.3085329
United States,Lancaster,Ohio,43130,39.7136754,-82.5993294
United States,Detroit,Michigan,48227,42.3315509,-83.0466403
United States,Greenville,North Carolina,27834,35.613224,-77.3724593
United States,Gresham,Oregon,97030,45.4978623,-122.4329883
United States,Clifton,New Jersey,7011,40.8584328,-74.1637553
Canada,Montreal,Quebec,H1C,45.5031824,-73.5698065
United States,Oxnard,California,93030,34.1976308,-119.180381
United States,Olathe,Kansas,66062,38.8838856,-94.81887
United States,Cary,North Carolina,27511,35.7873617,-78.7811623
United States,Fairfield,Ohio,45014,39.7886111,-82.6418883
United States,Odessa,Texas,79762,31.8457149,-102.367687
United States,Tempe,Arizona,85281,33.4255117,-111.940016
United States,Corpus Christi,Texas,78415,27.7635302,-97.4033191
United States,Chula Vista,California,91911,32.6400541,-117.084195
United States,Long Beach,California,90805,33.7690164,-118.191604
United States,Columbia,Maryland,21044,39.1938429,-76.8646092
United States,Bloomington,Illinois,61701,40.4797828,-88.9939147
Canada,Toronto,Ontario,M2N,43.6534817,-79.3839347
United States,Garland,Texas,75043,32.912624,-96.6388833
United States,Boca Raton,Florida,33433,26.3586885,-80.0830984
United States,Houston,Texas,77041,29.7589382,-95.3676974
United States,Mesquite,Texas,75150,32.7666103,-96.599472
United States,Fayetteville,North Carolina,28314,35.0525759,-78.878292
United States,Clarksville,Tennessee,37042,36.5277607,-87.3588703
United States,Boynton Beach,Florida,33437,26.5289139,-80.058141
United States,Reno,Nevada,89502,39.5261788,-119.812658
United States,Evanston,Illinois,60201,42.0470043,-87.6846053
United States,Durham,North Carolina,27707,35.996653,-78.9018053
Canada,Calgary,Alberta,T1Y,51.0456064,-114.057541
Canada,Edmonton,Alberta,T5A,53.5462055,-113.491241
United States,Indianapolis,Indiana,46203,39.7683331,-86.1583502
United States,Jacksonville,North Carolina,28540,34.7509962,-77.4309829
United States,Manteca,California,95336,37.7986184,-121.2117148
United States,Pasadena,California,91104,34.1476507,-118.144155
United States,Edmonds,Washington,98026,47.8105738,-122.3774952
United States,Mount Vernon,New York,10550,40.9125085,-73.8386504
United States,Everett,Massachusetts,2149,42.4085897,-71.0542002
United States,Concord,New Hampshire,3301,43.207178,-71.537476
United States,Parma,Ohio,44134,41.3822398,-81.7355692
United States,Beaumont,Texas,77705,30.0829344,-94.0984277
United States,Montgomery,Alabama,36116,32.3777111,-86.3090775
United States,Texarkana,Arkansas,71854,33.4254259,-94.0430937
United States,Lakewood,California,90712,33.8503463,-118.117191
Canada,Vancouver,British Columbia,V6G,49.2608724,-123.113952
United States,Newport News,Virginia,23602,36.9775016,-76.42977
United States,Rancho Cucamonga,California,91730,34.1033192,-117.575173
United States,Rock Hill,South Carolina,29730,34.9248667,-81.0250784
United States,Fort Lauderdale,Florida,33311,26.1223084,-80.1433786
United States,Garden City,Kansas,67846,37.9716898,-100.8726618
United States,Columbus,Indiana,47201,39.2014405,-85.9213796
United States,Cranston,Rhode Island,2920,41.779588,-71.4366813
United States,Lorain,Ohio,44052,41.2633554,-82.1734746
United States,Avondale,Arizona,85323,33.4353704,-112.3494394
United States,Mason,Ohio,45040,39.3600586,-84.309939
United States,Orange,New Jersey,7050,40.7709499,-74.2264601
United States,Portland,Oregon,97206,45.5202471,-122.674194
United States,Medina,Ohio,44256,41.1000764,-81.9382517
United States,Irving,Texas,75061,32.8295183,-96.9442177
United States,Nashville,Tennessee,37211,36.1622767,-86.7742984
United States,Wausau,Wisconsin,54401,44.9597858,-89.6272791
United States,Redding,California,96003,40.5863563,-122.391675
United States,Reading,Pennsylvania,19601,40.335345,-75.9279495
United States,Madison,Wisconsin,53711,43.07469,-89.3841663
United States,Carrollton,Texas,75007,32.9515472,-96.9034244
United States,Pasadena,Texas,77506,29.6910753,-95.2092076
United States,Johnson City,Tennessee,37604,36.3167671,-82.352903
United States,Manhattan,Kansas,66502,39.1836082,-96.5716694
United States,Moorhead,Minnesota,56560,46.8739081,-96.7538674
United States,Cedar Hill,Texas,75104,32.5888072,-96.9553675
United States,Des Plaines,Illinois,60016,42.0415823,-87.8873916
United States,Franklin,Wisconsin,53132,42.888627,-88.0384183
United States,Provo,Utah,84604,40.2337289,-111.6587085
United States,Wilmington,Delaware,19805,39.7459468,-75.546589
United States,Salt Lake City,Utah,84106,40.7596198,-111.886797
United States,Coon Rapids,Minnesota,55433,45.1728923,-93.3023898
United States,Monroe,Louisiana,71203,32.5025471,-92.116219
United States,Bolingbrook,Illinois,60440,41.7003302,-88.0717708
United States,Sacramento,California,95823,38.5810606,-121.493895
United States,Saint Louis,Missouri,63116,38.6254063,-90.190009
Canada,St. John's,Newfoundland and Labrador,A0A,47.5646794,-52.7066964
United States,Woonsocket,Rhode Island,2895,42.0028761,-71.5147839
United States,Brentwood,California,94513,37.9317766,-121.696026
United States,Utica,New York,13501,43.1009031,-75.2326641
United States,Tigard,Oregon,97224,45.4307473,-122.771933
United States,Freeport,New York,11520,40.6576071,-73.5835826
United States,Skokie,Illinois,60076,42.0262972,-87.7521069
United States,Orlando,Florida,32839,28.5421218,-81.379045
United States,Clinton,Maryland,20735,38.7522607,-76.8969155
United States,Sandy Springs,Georgia,30328,33.9242688,-84.3785379
Canada,Moncton,New Brunswick,E1A,46.0985679,-64.8004265
United States,Oklahoma City,Oklahoma,73120,35.4729886,-97.5170536
Canada,Vancouver,British Columbia,V6B,49.2608724,-123.113952
United States,Gilbert,Arizona,85234,33.3527632,-111.789037
United States,Olympia,Washington,98502,47.0451022,-122.8950075
United States,Mesa,Arizona,85204,33.4151005,-111.831455
United States,Caldwell,Idaho,83605,43.6678736,-116.689415
United States,Marion,Ohio,43302,40.5885271,-83.1895249
United States,Florence,Alabama,35630,34.79981,-87.677251
United States,Columbia,Tennessee,38401,35.6148165,-87.0338464
United States,Grand Prairie,Texas,75051,32.7459645,-96.9977846
United States,Thornton,Colorado,80229,39.8695516,-104.985181
Canada,Vancouver,British Columbia,V5K,49.2608724,-123.113952
United States,Port Arthur,Texas,77642,29.8716577,-93.9332302
United States,Colorado Springs,Colorado,80906,38.8339578,-104.825348
United States,Beverly,Massachusetts,1915,42.5489744,-70.8781883
United States,Anaheim,California,92804,33.8347516,-117.911732
United States,Saint Charles,Illinois,60174,41.9484385,-88.321444
United States,Kent,Ohio,44240,41.1513108,-81.3578047
United States,Cottage Grove,Minnesota,55016,44.8277446,-92.9438218
Canada,Quebec City,Quebec,G1B,46.8137431,-71.2084061
United States,Taylor,Michigan,48180,42.240872,-83.2696509
Canada,Charlottetown,Prince Edward Island,C0A,46.2354187,-63.1265388
United States,Providence,Rhode Island,2908,41.8239891,-71.4128343
United States,Baytown,Texas,77520,29.7355047,-94.9774274
United States,Woodbury,Minnesota,55125,44.919896,-92.9339449
United States,Park Ridge,Illinois,60068,42.0112329,-87.8406031
United States,Bartlett,Tennessee,38134,35.2045329,-89.8739753
United States,Bozeman,Montana,59715,45.6794293,-111.044047
United States,West Palm Beach,Florida,33407,26.715364,-80.0532942
United States,Rome,New York,13440,43.2102196,-75.4583956
United States,Suffolk,Virginia,23434,36.7281341,-76.5834683
United States,Kenosha,Wisconsin,53142,42.5846773,-87.8212263
United States,Perth Amboy,New Jersey,8861,40.5133218,-74.2724241
United States,Hot Springs,Arkansas,71901,34.5038393,-93.0552437
United States,Las Cruces,New Mexico,88001,32.3140354,-106.779807
United States,Sterling Heights,Michigan,48310,42.5803122,-83.0302033
United States,Leominster,Massachusetts,1453,42.5267443,-71.7614891
United States,Altoona,Pennsylvania,16602,40.5193586,-78.3968299
United States,Coppell,Texas,75019,32.9552598,-97.0155703
United States,Bethlehem,Pennsylvania,18018,40.6178915,-75.3786521
United States,New Castle,Indiana,47362,39.9289351,-85.3702477
United States,Plantation,Florida,33317,26.1275862,-80.2331036
United States,Chico,California,95928,39.7284945,-121.8374777
United States,Lehi,Utah,84043,40.3881114,-111.8486019
United States,Auburn,Alabama,36830,32.6098566,-85.4807825
United States,San Bernardino,California,92404,34.8253019,-116.0833144
United States,Lancaster,California,93534,34.6981064,-118.1366153
United States,Huntsville,Alabama,35810,34.729847,-86.5859011
United States,Thousand Oaks,California,91360,34.1705609,-118.8375937
United States,Florence,South Carolina,29501,34.1984435,-79.7671658
United States,Covington,Washington,98042,47.3657791,-122.100222
United States,Coral Springs,Florida,33065,26.271192,-80.2706044
United States,Miami,Florida,33142,25.7741566,-80.1935973
United States,Normal,Illinois,61761,40.5092961,-88.9843937
United States,Lansing,Michigan,48911,42.7338254,-84.5546295
United States,Spokane,Washington,99207,47.6571934,-117.42351
United States,Norwich,Connecticut,6360,41.5243631,-72.0759134
United States,Norfolk,Nebraska,68701,42.0283379,-97.4169964
United States,Farmington,New Mexico,87401,36.7291152,-108.205445
United States,Mcallen,Texas,78501,26.204114,-98.2300605
United States,New Albany,Indiana,47150,38.2856247,-85.8241312
United States,Santa Maria,California,93454,34.9531295,-120.435857
United States,Daytona Beach,Florida,32114,29.2108147,-81.0228331
United States,Washington,District of Columbia,20016,38.8950982,-77.0363849
United States,Troy,Ohio,45373,40.0394982,-84.2032767
United States,Tinley Park,Illinois,60477,41.5733669,-87.7844944
United States,Allen,Texas,75002,33.1031744,-96.6705503
United States,Cuyahoga Falls,Ohio,44221,41.1362729,-81.4828123
United States,Camarillo,California,93010,34.2176371,-119.0383541
United States,Wilson,North Carolina,27893,35.7059114,-77.9175714
United States,Frankfort,Illinois,60423,41.4979467,-87.8495946
United States,Wichita,Kansas,67212,37.6922361,-97.3375448
United States,Haltom City,Texas,76117,32.7995738,-97.2691817
United States,Manchester,Connecticut,6040,41.7834017,-72.5231973
United States,Paterson,New Jersey,7501,40.9167654,-74.171811
United States,Pocatello,Idaho,83201,42.8620287,-112.450627
United States,Lewiston,Maine,4240,44.0990717,-70.2177099
United States,Peoria,Arizona,85345,33.5806115,-112.237294
United States,Layton,Utah,84041,41.0751048,-111.9741925
United States,East Point,Georgia,30344,33.6795531,-84.4393724
United States,Smyrna,Georgia,30080,33.883887,-84.5147454
United States,Carol Stream,Illinois,60188,41.9125286,-88.1347927
United States,Holyoke,Massachusetts,1040,42.2071184,-72.6075851
United States,Vineland,New Jersey,8360,39.4862777,-75.0254256
United States,Amarillo,Texas,79109,35.20729,-101.8371192
United States,Bakersfield,California,93309,35.3738712,-119.019463
United States,Port Saint Lucie,Florida,34952,27.2939333,-80.3503283
United States,Highland Park,Illinois,60035,42.1836719,-87.7993245
United States,South Bend,Indiana,46614,41.6833813,-86.2500066
United States,Hattiesburg,Mississippi,39401,31.3271189,-89.2903392
United States,Kirkwood,Missouri,63122,38.5800713,-90.4069177
United States,Boise,Idaho,83704,43.6166163,-116.200886
United States,Redmond,Oregon,97756,44.2726203,-121.173921
United States,Eagan,Minnesota,55122,44.818173,-93.1659179
United States,Yucaipa,California,92399,34.033625,-117.0430865
United States,New Bedford,Massachusetts,2740,41.6362152,-70.934205
United States,Florence,Kentucky,41042,38.9989499,-84.6266111
United States,Allentown,Pennsylvania,18103,40.6022552,-75.4716115
United States,Murrieta,California,92563,33.560832,-117.210656
United States,Bedford,Texas,76021,32.844017,-97.1430671
United States,Holland,Michigan,49423,42.7876022,-86.1090828
United States,Charlottesville,Virginia,22901,38.029306,-78.4766781
United States,Rochester,Minnesota,55901,44.0234387,-92.4630182
United States,Tamarac,Florida,33319,26.2128609,-80.2497707
United States,La Quinta,California,92253,33.677474,-116.2958789
United States,Redlands,California,92374,34.0550328,-117.1827445
United States,Auburn,New York,13021,42.9320202,-76.5672029
United States,North Charleston,South Carolina,29406,32.8546197,-79.9748103
United States,Lincoln Park,Michigan,48146,42.2505943,-83.1785361
United States,Quincy,Massachusetts,2169,42.2509914,-71.0037374
United States,Oceanside,California,92054,33.1958696,-117.379483
United States,Franklin,Tennessee,37064,35.925206,-86.8689419
United States,Dubuque,Iowa,52001,42.5006243,-90.6647985
United States,Broken Arrow,Oklahoma,74012,36.0525993,-95.7908195
United States,Rockford,Illinois,61107,42.2713945,-89.093966
United States,Murfreesboro,Tennessee,37130,35.8460396,-86.3921096
United States,Bayonne,New Jersey,7002,40.6687141,-74.1143091
United States,Cambridge,Massachusetts,2138,42.3656347,-71.1040018
United States,Quincy,Illinois,62301,39.9356016,-91.4098727
United States,Hillsboro,Oregon,97123,45.5228939,-122.989827
United States,Rockville,Maryland,20852,39.0817985,-77.1516844
United States,Warner Robins,Georgia,31088,32.6200973,-83.606568
United States,Ann Arbor,Michigan,48104,42.2813722,-83.7484616
United States,Santa Barbara,California,93101,34.4221319,-119.702667
United States,Noblesville,Indiana,46060,40.0460881,-86.0139854
United States,Mount Pleasant,Michigan,48858,43.597646,-84.7668495
United States,Orland Park,Illinois,60462,41.630663,-87.8536288
United States,Sparks,Nevada,89431,39.5347691,-119.7552534
United States,Salinas,California,93905,36.6744117,-121.655037
United States,Conway,Arkansas,72032,35.0891932,-92.4398402
United States,Monroe,North Carolina,28110,34.9854275,-80.5495112
United States,Burlington,Vermont,5401,44.4761601,-73.212906
United States,Lawrence,Indiana,46226,38.8400395,-86.4880717
United States,Roseville,Minnesota,55113,45.0060767,-93.1566107
United States,Helena,Montana,59601,46.5927425,-112.036277
United States,Lebanon,Tennessee,37087,36.2079779,-86.2910945
United States,Rio Rancho,New Mexico,87124,35.3108227,-106.6847453
United States,Frisco,Texas,75034,33.1505998,-96.8238183
United States,Morristown,New Jersey,7960,40.7970382,-74.4809868
United States,Jackson,Tennessee,38301,35.6144446,-88.8177418
United States,Lake Elsinore,California,92530,33.6680772,-117.3272615
United States,Pembroke Pines,Florida,33024,26.0061943,-80.2872086
United States,Champaign,Illinois,61821,40.1164841,-88.2430932
United States,Dearborn,Michigan,48126,42.3222599,-83.1763145
United States,Santa Ana,California,92704,33.7494951,-117.873221
United States,Tallahassee,Florida,32303,30.4380832,-84.2809332
United States,Temecula,California,92592,33.4946353,-117.147366
United States,Costa Mesa,California,92627,33.6633386,-117.903317
United States,Glenview,Illinois,60025,42.0700662,-87.8114044
United States,Bullhead City,Arizona,86442,35.1449998,-114.5627804
United States,Lindenhurst,New York,11757,40.6867667,-73.3734547
United States,Superior,Wisconsin,54880,46.7207737,-92.1040796
United States,Dublin,Ohio,43017,40.0996009,-83.1135563
United States,Visalia,California,93277,36.3302284,-119.292058
United States,Missoula,Montana,59801,46.8701049,-113.995267
United States,Gaithersburg,Maryland,20877,39.1399187,-77.1929215
United States,Longview,Washington,98632,46.1377048,-122.934462
United States,Westfield,New Jersey,7090,40.651726,-74.3483059
United States,Gulfport,Mississippi,39503,30.3674198,-89.0928155
United States,Atlantic City,New Jersey,8401,39.3642852,-74.4229351
United States,Sierra Vista,Arizona,85635,31.5647691,-110.2742994
United States,Chattanooga,Tennessee,37421,35.0457219,-85.3094883
United States,Belleville,New Jersey,7109,40.7937116,-74.1501438
United States,La Crosse,Wisconsin,54601,43.8122836,-91.2514355
United States,Round Rock,Texas,78664,30.5085915,-97.6788056
United States,Andover,Massachusetts,1810,42.65717,-71.1408776
United States,Milford,Connecticut,6460,41.2222218,-73.0570603
United States,Harlingen,Texas,78550,26.1907543,-97.6960599
United States,Redwood City,California,94061,37.4863239,-122.232523
United States,Bryan,Texas,77803,30.6743643,-96.3699632
United States,Malden,Massachusetts,2148,42.4268484,-71.0683741
United States,Littleton,Colorado,80122,39.613321,-105.016649
United States,Saint Peters,Missouri,63376,38.791612,-90.5958468
United States,Norman,Oklahoma,73071,35.2225717,-97.4394816
United States,Grapevine,Texas,76051,32.9337381,-97.0788754
United States,Gastonia,North Carolina,28052,35.2622654,-81.1838186
Canada,Vancouver,British Columbia,V6E,49.2608724,-123.113952
United States,Jefferson City,Missouri,65109,38.577359,-92.1724265
United States,San Clemente,California,92672,33.4270275,-117.6124179
United States,Hesperia,California,92345,34.4220358,-117.3046869
United States,Henderson,Nevada,89015,36.0319602,-114.9822716
United States,Encinitas,California,92024,33.0369867,-117.2919818
United States,Salem,Virginia,24153,37.293198,-80.0556773
United States,Yuma,Arizona,85364,32.7210307,-114.6203217
United States,Waterbury,Connecticut,6708,41.5541144,-73.0435615
United States,Warwick,Rhode Island,2886,41.6992717,-71.4586114
United States,Passaic,New Jersey,7055,41.0461864,-74.3177933
United States,Parker,Colorado,80134,39.5184514,-104.7612638
United States,Longmont,Colorado,80501,40.1672117,-105.101928
United States,York,Pennsylvania,17403,39.962493,-76.7276989
United States,Roseville,Michigan,48066,42.4972583,-82.9371409
United States,Broomfield,Colorado,80020,39.9403995,-105.05208
Canada,Winnipeg,Manitoba,R0H,49.8955367,-97.1384584
United States,Bowling Green,Kentucky,42104,36.9929203,-86.4428677
United States,Pensacola,Florida,32503,30.421309,-87.2169149
United States,Hendersonville,Tennessee,37075,36.3049177,-86.621443
United States,West Allis,Wisconsin,53214,43.0166806,-88.0070315
United States,Kenner,Louisiana,70065,29.9942265,-90.2417806
United States,Davis,California,95616,38.5435526,-121.739005
United States,Edinburg,Texas,78539,26.3013982,-98.1624501
United States,Fort Collins,Colorado,80525,40.5871782,-105.0770113
United States,Pharr,Texas,78577,26.1947962,-98.1836216
United States,Sheboygan,Wisconsin,53081,43.7128967,-87.9370433
United States,Englewood,Colorado,80112,39.6482059,-104.9879641
United States,Waco,Texas,76706,31.5545147,-97.1325618
United States,Waukesha,Wisconsin,53186,43.0622536,-88.3123889
United States,Georgetown,Kentucky,40324,38.2099837,-84.5597128
United States,Cedar Rapids,Iowa,52402,41.9758872,-91.6704053
United States,Saint Paul,Minnesota,55106,44.9497487,-93.0931028
United States,Thomasville,North Carolina,27360,35.8831786,-80.081817
United States,Wheeling,Illinois,60090,42.138889,-87.9310944
United States,Stockton,California,95207,37.9577016,-121.290779
United States,Arvada,Colorado,80004,39.8005505,-105.0811573
United States,Twin Falls,Idaho,83301,42.5558542,-114.4700684
United States,Laguna Niguel,California,92677,33.5225261,-117.7075526
United States,Marlborough,Massachusetts,1752,42.3468589,-71.5525188
United States,Redmond,Washington,98052,47.6694141,-122.1238767
United States,Woodland,California,95695,38.6786109,-121.7733285
Canada,Regina,Saskatchewan,S0G,50.4479733,-104.6158764
United States,Iowa City,Iowa,52240,41.6612561,-91.5299106
United States,La Porte,Indiana,46350,41.6105983,-86.7225227
United States,Lake Forest,California,92630,33.6469261,-117.6859213
United States,Coral Gables,Florida,33134,25.7331105,-80.2585107
United States,The Colony,Texas,75056,33.0890094,-96.8863922
United States,Marysville,Washington,98270,48.0517429,-122.1768209
United States,La Porte,Texas,77571,29.6657838,-95.0193729
Canada,Winnipeg,Manitoba,R3R,49.8955367,-97.1384584
United States,Bridgeton,New Jersey,8302,39.4269659,-75.2341587
United States,San Luis Obispo,California,93405,35.3540209,-120.375716
United States,Conroe,Texas,77301,30.3118769,-95.4560512
United States,Urbandale,Iowa,50322,41.6274511,-93.7380243
United States,Eugene,Oregon,97405,44.0505054,-123.0950506
United States,Cheyenne,Wyoming,82001,41.139981,-104.820246
United States,Arlington Heights,Illinois,60004,42.0811563,-87.9802164
United States,Auburn,Washington,98002,47.3075369,-122.2301808
United States,Vancouver,Washington,98661,45.6306954,-122.6744557
United States,Burlington,North Carolina,27217,36.0956918,-79.4377991
United States,Carlsbad,New Mexico,88220,32.4257456,-104.237612
United States,Edmond,Oklahoma,73034,35.6571367,-97.4649038
United States,Montebello,California,90640,34.0159398,-118.111975
United States,Shelton,Connecticut,6484,41.3164856,-73.0931641
United States,East Orange,New Jersey,7017,40.7642404,-74.215011
United States,Overland Park,Kansas,66212,38.9742502,-94.6851702
United States,Hickory,North Carolina,28601,35.7333312,-81.3442915
United States,San Angelo,Texas,76903,31.4649685,-100.4405094
United States,Marion,Iowa,52302,41.3144108,-93.1010141
United States,Morgan Hill,California,95037,37.130408,-121.6544974
United States,Murray,Kentucky,42071,36.6106122,-88.3021092
United States,Antioch,California,94509,38.0093296,-121.8106925
United States,Richardson,Texas,75080,32.9481789,-96.7297206
United States,Fremont,Nebraska,68025,41.4338363,-96.4960449
United States,Greenwood,Indiana,46142,39.6136987,-86.1095429
United States,Homestead,Florida,33030,25.4718946,-80.4759905
United States,Torrance,California,90503,33.8371392,-118.3413606
United States,Apple Valley,California,92307,34.5008311,-117.1858759
United States,Goldsboro,North Carolina,27534,35.3848841,-77.9927651
United States,Nashua,New Hampshire,3060,42.7656251,-71.4677032
United States,Deer Park,Texas,77536,29.7052284,-95.1238204
United States,Tuscaloosa,Alabama,35401,33.2095614,-87.5675258
United States,Ormond Beach,Florida,32174,29.2854132,-81.0557921
United States,Keller,Texas,76248,32.9299655,-97.2271249
United States,Hoover,Alabama,35244,33.350293,-86.851123
United States,Muskogee,Oklahoma,74403,35.6630196,-95.3927706
United States,Rogers,Arkansas,72756,36.334857,-94.1193816
United States,Pompano Beach,Florida,33068,26.2378597,-80.1247667
United States,Fairfield,California,94533,38.2493581,-122.039966
United States,Oak Park,Michigan,48237,42.4595317,-83.1821445
United States,New Brunswick,New Jersey,8901,40.4936119,-74.4436416
United States,Greeley,Colorado,80634,40.4233142,-104.7091322
United States,Kissimmee,Florida,34741,28.2918995,-81.4075838
United States,Sanford,Florida,32771,28.8117345,-81.2680223
United States,Danville,Illinois,61832,40.125222,-87.6304614
United States,Westminster,California,92683,33.7578725,-117.9859054
United States,Mansfield,Texas,76063,32.563487,-97.1420308
United States,Fargo,North Dakota,58103,46.877229,-96.789821
United States,Laurel,Maryland,20707,39.0984317,-76.8485094
United States,Bellingham,Washington,98226,48.7544012,-122.478836
United States,Missouri City,Texas,77489,29.6185669,-95.5377215
United States,Pearland,Texas,77581,29.5639758,-95.2864299
United States,Rochester Hills,Michigan,48307,42.6583661,-83.1499322
United States,Maple Grove,Minnesota,55369,45.0984983,-93.4419222
United States,Chapel Hill,North Carolina,27514,35.9131542,-79.05578
United States,Commerce City,Colorado,80022,39.8083196,-104.9338675
United States,Wheeling,West Virginia,26003,40.0639616,-80.7209149
United States,Citrus Heights,California,95610,38.7071247,-121.2810611
United States,Pico Rivera,California,90660,33.9830688,-118.096735
United States,San Mateo,California,94403,37.496904,-122.3330573
United States,Waterloo,Iowa,50701,42.498275,-92.3328743
United States,Elkhart,Indiana,46514,41.6012796,-85.8590603
United States,Loveland,Colorado,80538,40.3977612,-105.07498
United States,Inglewood,California,90301,33.9562003,-118.353132
United States,La Mesa,California,91941,32.7678288,-117.0230839
United States,Modesto,California,95351,37.6393419,-120.9968892
United States,Independence,Missouri,64055,39.0924792,-94.4137923
United States,Clovis,New Mexico,88101,34.405472,-103.2050709
United States,Grand Island,Nebraska,68801,40.924271,-98.338685
United States,Melbourne,Florida,32935,28.0785034,-80.6077908
United States,Pine Bluff,Arkansas,71603,34.2228884,-92.004334
United States,Saint Cloud,Minnesota,56301,45.5616075,-94.1642004
United States,Miramar,Florida,33023,25.9873137,-80.2322706
United States,Mentor,Ohio,44060,41.6664781,-81.3399769
United States,Meridian,Idaho,83642,43.6086295,-116.392326
United States,Danville,California,94526,37.8225892,-122.0008254
United States,Springdale,Arkansas,72762,36.1867442,-94.1288142
United States,Sunnyvale,California,94086,37.3688301,-122.036349
United States,Coachella,California,92236,33.6794956,-116.17628
United States,Aberdeen,South Dakota,57401,45.4649805,-98.487813
United States,Jupiter,Florida,33458,26.9342246,-80.0942087
United States,Dublin,California,94568,37.7021521,-121.9357918
United States,Grove City,Ohio,43123,39.8814519,-83.0929645
United States,Elyria,Ohio,44035,41.3673191,-82.1073583
United States,Hagerstown,Maryland,21740,39.6430455,-77.7191081
United States,Saginaw,Michigan,48601,43.4200387,-83.9490365
United States,College Station,Texas,77840,30.6183939,-96.3455991
United States,Ontario,California,91761,34.065846,-117.64843
United States,Renton,Washington,98059,47.4799078,-122.2034496
United States,Canton,Michigan,48187,42.7269261,-84.6433146
United States,Summerville,South Carolina,29483,33.0186699,-80.1762704
United States,Gladstone,Missouri,64118,39.2214765,-94.5719748
United States,Whittier,California,90604,33.9749136,-118.0338664
United States,Abilene,Texas,79605,32.44645,-99.7475905
United States,Burlington,Iowa,52601,40.8126922,-91.1020205
United States,Palatine,Illinois,60067,42.1105502,-88.0434304
United States,Oak Park,Illinois,60302,41.8878145,-87.7887615
United States,Port Orange,Florida,32127,29.1386874,-80.9968286
United States,Danbury,Connecticut,6810,41.394817,-73.4540111
United States,Everett,Washington,98208,47.9793437,-122.2127011
